2.53984,299.99
1.26992,4.41196
2.53984,223.332
3.2,78.87
2.53984,299.99
32.254,133.055
5.07968,301.814
1.26992,252.036
1.26992,252.036
4.03175,304.61
1.26992,103.111
25.6,304.651
25.6,123.865
1.00794,100.373
2.01587,239.481
1.00794,69.2939
1.00794,227.22
3.2,101.315
1.00794,250.631
1.26992,129.506
2.01587,59.0787
1.00794,71.1072
1.00794,67.0978
2.53984,267.555
2.53984,245.838
2.01587,239.481
1.26992,129.506
1.00794,244.579
1.00794,69.0034
1.26992,311.714
1.00794,89.6338
2.53984,264.055
1.6,250.011
1.00794,310.043
8.06349,59.5743
1.00794,18.1091
1.26992,56.3217
1.26992,227.935
1.00794,259.788
1.00794,67.0978
1.00794,70.0431
1.26992,309.529
5.07968,344.82
1.26992,80.3049
1.6,339.893
2.01587,154.059
1.26992,257.828
1.00794,70.0431
2.53984,66.2735
2.01587,264.401
3.2,76.555
1.00794,254.652
1.26992,96.2478
1.26992,309.529
1.00794,72.1916
1.00794,158.665
1.00794,70.0431
1.26992,257.057
1.26992,278.472
1.6,182.042
1.6,72.0966
1.6,40.3254
1.00794,348.094
1.00794,323.661
1.00794,279.876
1.00794,47.4651
1.26992,346.321
5.07968,75.4805
1.26992,244.426
1.6,309.471
1.00794,160.728
1.26992,343.111
1.26992,227.935
1.26992,56.3217
1.26992,134.19
1.26992,134.19
1.26992,56.3217
1.26992,56.3217
1.6,339.893
4.03175,130.474
1.00794,267.882
2.01587,217.286
3.2,232.502
1.00794,131.82
1.6,166.033
1.00794,119.026
3.2,252.644
1.6,166.033
1.00794,134.928
1.26992,309.529
1.6,59.022
1.00794,229.966
1.00794,53.9326
6.4,133.264
1.00794,142.191
1.00794,298.481
6.4,133.264
4.03175,131.364
5.07968,12.9295
1.00794,251.851
1.6,69.7318
3.2,288.011
1.00794,67.6806
4.03175,77.1244
1.26992,308.465
1.26992,107.586
1.26992,283.269
2.01587,80.285
2.53984,74.7707
1.00794,160.728
1.6,166.033
1.00794,302.462
1.00794,65.2747
5.07968,131.181
1.00794,310.233
2.53984,304.978
8.06349,304.976
8.06349,144.382
1.6,328.65
1.00794,74.001
1.6,325.711
1.6,115.126
1.6,304.829
1.00794,182.141
1.00794,69.0034
6.4,93.3165
2.53984,264.374
1.00794,258.959
1.6,151.949
1.6,65.7892
1.6,157.401
1.6,166.033
2.01587,139.805
2.01587,279.104
4.03175,48.2137
1.26992,309.529
2.01587,80.285
3.2,244.861
2.53984,77.8835
3.2,71.9554
1.6,160.826
1.26992,325.58
16.127,178.536
2.53984,244.884
1.00794,69.0034
5.07968,95.3035
1.26992,113.709
2.53984,83.429
1.26992,36.4291
1.26992,311.714
1.26992,253.664
1.26992,135.114
1.00794,99.1455
1.00794,338.218
1.00794,69.0034
1.26992,309.529
1.00794,205.271
1.26992,56.3217
1.26992,332.345
1.00794,69.0034
1.00794,220.44
1.6,17.9789
2.01587,283.907
2.01587,82.0522
1.00794,69.0034
1.00794,50.183
6.4,307.667
6.4,213.028
2.53984,313.078
3.2,260.177
1.00794,129.977
1.26992,19.2301
1.26992,255.192
1.26992,59.8321
1.00794,144.936
1.26992,72.7234
1.00794,142.8
1.26992,309.529
10.1594,74.5507
1.6,123.813
1.00794,247.153
1.26992,41.2284
1.00794,340.78
1.00794,64.5025
2.01587,222.943
1.26992,70.5296
1.00794,119.026
2.01587,70.524
1.00794,344.777
2.53984,353.165
1.00794,69.0034
1.6,170.251
2.01587,174.677
6.4,63.6963
2.01587,71.9355
4.03175,75.4118
1.6,89.0753
1.00794,206.819
1.26992,156.91
5.07968,148.596
5.07968,120.393
1.00794,69.0034
1.00794,350.558
2.01587,83.8442
1.26992,80.3049
1.00794,124.727
1.00794,350.558
2.01587,83.8442
1.00794,27.1496
1.6,304.265
1.26992,260.949
2.01587,343.769
1.6,358.055
2.01587,343.769
1.00794,69.0034
3.2,288.011
1.00794,69.0034
1.6,255.734
8.06349,196.115
5.07968,165.611
1.00794,233.678
2.53984,331.328
2.01587,130.051
1.00794,167.83
1.00794,256.51
1.00794,355.393
4.03175,272.459
1.26992,284.387
1.00794,352.608
8.06349,35.16
5.07968,344.82
1.6,132.386
1.00794,67.6806
1.00794,247.391
4.03175,312.621
4.03175,355.44
4.03175,303.232
1.6,0.311432
1.6,309.024
1.00794,293.878
6.4,288.5
1.26992,325.893
2.01587,82.0522
5.07968,326.324
1.6,268.438
2.01587,288.965
1.00794,100.746
1.6,129.889
1.00794,267.74
1.00794,128.636
1.00794,193.316
2.01587,71.6742
5.07968,150.485
1.26992,68.9614
2.01587,158.885
1.6,0.432892
1.6,101.661
1.00794,248.681
1.26992,252.743
5.07968,228.082
3.2,348.726
2.01587,294.664
1.00794,239.548
1.26992,172.598
1.26992,357.535
1.26992,358.825
2.01587,169.902
2.01587,257.511
1.26992,358.825
1.26992,53.4665
1.00794,252.874
2.01587,345.645
2.01587,58.5807
2.01587,257.477
1.00794,352.608
1.26992,132.983
1.00794,69.2939
5.07968,64.8662
1.00794,70.0309
1.00794,244.579
1.26992,75.0376
3.2,339.812
1.00794,67.2741
2.53984,270.224
2.53984,64.1693
1.00794,205.271
3.2,270.526
3.2,15.4478
2.53984,28.717
1.6,223.466
1.26992,345.564
1.6,106.907
3.2,175.724
1.26992,76.9781
1.00794,124.837
1.00794,301.59
5.07968,251.956
1.26992,317.491
3.2,71.4872
1.00794,79.4118
1.6,166.033
4.03175,75.4118
1.26992,310.38
1.26992,157.759
8.06349,65.5511
1.00794,162.561
5.07968,12.9295
1.00794,134.928
1.26992,311.675
2.53984,273.992
1.6,348.038
5.07968,71.3032
1.6,161.599
3.2,348.726
2.01587,262.504
2.53984,252.663
1.26992,156.049
1.00794,158.041
12.8,61.9316
2.01587,237.914
2.01587,49.0583
2.01587,304.847
2.01587,158.885
4.03175,219.788
2.53984,266.179
2.53984,267.555
1.26992,337.414
1.26992,146.887
1.6,164.287
1.26992,49.6432
2.01587,189.267
1.00794,251.851
1.00794,292.432
1.26992,133.988
1.26992,310.087
1.00794,252.001
1.00794,247.9
2.01587,351.328
1.00794,152.232
1.6,56.7079
2.53984,64.1693
2.53984,270.224
5.07968,157.934
1.00794,152.232
2.53984,43.9892
1.00794,69.2054
1.00794,18.9816
1.00794,129.001
12.8,340.876
1.26992,255.192
1.00794,247.9
1.26992,129.934
2.53984,279.939
2.01587,140.71
2.01587,230.859
2.53984,78.7931
1.00794,131.351
2.53984,247.23
1.6,348.038
3.2,65.7285
1.00794,172.041
1.00794,172.041
3.2,65.7285
1.26992,73.1252
1.26992,344.225
1.6,349.957
1.00794,333.56
1.00794,251.713
1.26992,252.089
4.03175,127.482
3.2,78.0825
1.00794,332.091
5.07968,316.602
1.26992,325.58
1.26992,168.744
1.6,106.932
2.53984,334.434
3.2,329.98
3.2,270.526
1.00794,273.29
8.06349,340.691
5.07968,271.301
3.2,232.502
1.26992,272.705
1.26992,140.852
1.26992,270.29
1.00794,166.557
2.01587,247.531
3.2,158.731
1.6,166.033
1.6,171.114
1.26992,319.687
1.26992,75.0376
1.00794,270.192
3.2,244.861
1.6,63.7471
1.26992,106.549
4.03175,236.641
1.00794,358.714
1.26992,129.236
3.2,70.6913
3.2,262.162
1.00794,70.0062
1.00794,333.675
2.01587,58.2952
1.00794,144.936
1.00794,249.768
1.26992,336.142
1.26992,343.111
5.07968,98.6732
1.26992,134.19
1.6,30.5882
2.53984,69.9896
2.53984,258.367
3.2,230.215
1.00794,314.081
1.6,170.251
1.6,147.741
1.26992,303.878
1.26992,162.68
5.07968,131.181
1.6,152.89
2.01587,217.286
2.53984,151.476
2.53984,348.961
6.4,61.4771
1.6,136.427
2.53984,77.6702
1.26992,133.361
3.2,230.215
1.00794,17.6357
1.6,264.033
10.1594,288.577
1.26992,344.27
1.00794,304.964
1.00794,176.351
3.2,358.049
2.53984,151.453
1.00794,338.63
2.01587,68.8813
1.26992,322.941
2.53984,244.271
5.07968,134.405
1.6,166.033
1.6,40.6892
2.01587,174.677
1.00794,89.7525
5.07968,304.785
1.00794,268.788
2.01587,92.6441
3.2,348.726
1.00794,66.1203
2.53984,331.988
2.53984,257.775
1.00794,279.092
3.2,78.87
1.6,314.777
1.26992,357.512
3.2,149.445
6.4,244.856
12.8,273.464
1.00794,355.015
1.00794,166.095
2.01587,305.772
2.01587,106.594
12.8,273.464
2.53984,102.006
2.01587,153.597
1.26992,14.0964
1.00794,352.608
1.00794,263.724
1.26992,250.088
3.2,264.436
1.00794,263.724
1.26992,14.0964
1.6,196.028
1.6,284.874
2.01587,157.796
4.03175,233.592
1.26992,58.2368
2.01587,256.704
4.03175,259.867
1.6,337.213
1.26992,157.837
2.53984,267.555
4.03175,77.1244
2.01587,263.02
1.00794,254.033
4.03175,183.78
2.53984,123.635
2.53984,154.064
2.01587,138.875
1.26992,56.3217
2.53984,247.099
1.26992,116.823
2.01587,36.1149
1.26992,346.321
1.26992,70.5296
1.00794,253.694
1.6,183.328
4.03175,70.2194
2.01587,97.3768
2.53984,131.368
2.01587,164.67
2.01587,80.285
1.00794,69.0034
1.26992,168.032
2.01587,59.619
2.53984,4.18744
10.1594,69.7984
10.1594,241.146
5.07968,95.3035
2.01587,223.063
2.01587,35.8967
10.1594,82.5584
1.00794,229.966
1.6,356.553
1.26992,303.878
1.00794,310.308
1.26992,353.99
1.26992,231.428
1.00794,151.73
1.6,254.045
1.26992,274.61
1.00794,48.1105
1.26992,127.994
1.00794,334.451
1.00794,252.874
1.26992,230.871
5.07968,148
5.07968,262.155
1.00794,48.1105
2.53984,345.435
1.26992,227.935
1.6,11.9978
2.53984,124.35
1.00794,271.535
1.26992,76.9781
2.53984,124.35
10.1594,69.4413
1.00794,330.375
3.2,256.796
4.03175,157.22
4.03175,295.04
2.53984,164.529
1.6,1.35574
2.53984,65.6367
1.00794,247.9
1.00794,72.0791
4.03175,343.268
1.00794,281.792
6.4,211.131
2.01587,307.942
1.00794,244.532
1.6,79.6527
2.01587,160.972
1.00794,352.579
1.26992,293.165
1.00794,298.481
1.6,339.893
8.06349,290.019
2.53984,167.788
1.26992,141.859
1.6,316.647
3.2,259.198
1.6,77.6725
2.53984,68.933
2.53984,6.55212
4.03175,269.97
1.00794,125.471
1.26992,143.269
2.53984,260.368
1.6,299.431
2.53984,108.189
6.4,93.3165
1.26992,164.488
2.53984,13.0173
3.2,309.174
5.07968,326.549
1.00794,125.471
5.07968,278.189
4.03175,332.019
3.2,70.6913
3.2,262.162
1.00794,344.955
1.26992,265.399
25.6,64.8096
3.2,250.105
8.06349,305.906
2.53984,342.653
1.26992,56.3217
2.53984,43.9892
2.01587,62.0806
3.2,185.906
1.00794,137.763
8.06349,187.013
1.00794,137.804
3.2,75.1059
1.00794,51.2877
2.53984,236.054
1.00794,140.128
2.53984,75.3704
1.00794,48.1105
12.8,273.464
8.06349,59.5743
1.26992,112.294
2.01587,288.965
10.1594,181.469
4.03175,312.816
1.26992,70.3207
1.00794,350.558
1.00794,138.037
1.6,310.67
1.00794,73.5534
1.00794,172.269
1.00794,242.229
2.53984,244.884
1.00794,260.093
1.26992,70.082
1.26992,265.379
1.6,160.826
1.6,61.7285
1.6,278.94
2.01587,145.11
20.3187,252.359
1.00794,234.074
1.00794,69.0034
1.26992,179.242
1.26992,49.0435
1.00794,260.533
1.26992,253.957
1.6,281.453
1.00794,314.878
1.6,289.023
3.2,348.726
4.03175,2.7525
1.00794,103.622
6.4,130.7
2.01587,120.844
1.26992,309.529
4.03175,67.3121
12.8,273.464
4.03175,90.9867
4.03175,90.9867
1.6,61.62
2.01587,283.907
1.26992,134.006
1.26992,49.6432
1.26992,257.828
2.53984,136.254
2.01587,288.998
1.26992,69.7662
1.00794,76.8679
3.2,249.894
1.6,148.512
6.4,354.637
1.00794,93.1716
3.2,348.726
3.2,65.7285
1.6,309.471
32.254,133.055
1.26992,311.714
1.26992,97.0697
1.00794,15.0386
20.3187,72.258
1.00794,48.1393
1.26992,159.948
1.6,251.158
1.00794,355.015
1.6,242.114
1.00794,160.019
1.00794,11.5558
1.00794,338.021
2.53984,353.165
5.07968,251.956
1.26992,135.114
5.07968,42.0214
5.07968,89.4324
1.6,1.96774
4.03175,52.7309
10.1594,69.4413
1.26992,4.41196
2.01587,230.897
1.6,11.3595
1.00794,40.2973
1.00794,87.5927
6.4,172.27
2.01587,36.1149
2.01587,2.63202
3.2,134.727
2.01587,256.704
1.6,226.454
1.00794,76.0022
1.00794,40.2973
4.03175,165.822
2.53984,344.63
1.00794,25.9842
2.53984,8.48816
10.1594,181.469
1.6,37.8226
5.07968,64.8662
1.00794,69.0034
1.6,95.4011
1.6,347.316
1.26992,34.9455
12.8,294.621
1.6,339.893
2.53984,13.0173
3.2,348.726
3.2,65.7285
1.26992,12.1938
2.53984,333.645
1.26992,103.111
1.26992,58.2368
1.26992,11.2401
2.53984,86.4052
5.07968,276.406
1.6,37.9027
2.53984,86.4052
5.07968,276.406
1.00794,152.21
12.8,350.268
2.53984,289.808
1.6,259.89
1.26992,101.147
2.01587,153.597
2.01587,310.047
1.00794,317.553
1.6,15.7715
1.6,266.392
1.26992,78.6699
5.07968,231.75
1.26992,225.339
4.03175,10.0613
12.8,350.268
1.6,159.178
1.26992,311.086
2.53984,12.2333
3.2,15.2741
1.00794,358.082
2.53984,71.4798
2.53984,260.368
1.6,190.059
1.6,23.3514
10.1594,187.873
2.53984,264.055
4.03175,260.556
1.26992,357.084
2.01587,299.801
2.01587,299.801
1.26992,238.063
1.26992,147.561
1.00794,320.259
2.01587,79.9823
1.26992,69.7662
1.00794,187.571
2.53984,357.999
1.26992,228.192
25.6,68.4696
3.2,252.644
3.2,358.049
3.2,309.09
2.01587,330.19
2.01587,192.482
1.00794,43.082
1.00794,151.888
2.01587,80.8295
1.26992,73.1696
2.53984,279.939
1.6,299.431
1.00794,139.121
5.07968,299.956
10.1594,75.7967
1.00794,353.681
1.6,327.646
2.01587,286.659
1.26992,144.341
1.6,0.432892
2.01587,40.0447
1.26992,193.425
10.1594,69.4413
1.26992,210.908
1.00794,30.1361
1.26992,100.462
1.6,12.5485
1.6,85.318
1.00794,172.269
4.03175,347.873
1.6,273.776
2.01587,59.6122
2.01587,1.93723
2.01587,61.5991
1.00794,81.4228
1.00794,351.927
1.6,33.3801
3.2,216.372
8.06349,35.16
1.00794,158.665
1.00794,16.9429
1.26992,147.561
2.53984,58.4196
1.00794,165.875
1.26992,50.7592
2.53984,339.683
5.07968,95.3035
1.6,21.2985
8.06349,187.013
1.00794,266.88
1.26992,43.8455
1.26992,14.3999
8.06349,73.683
2.53984,2.13681
1.00794,69.0634
2.53984,69.629
2.53984,51.3141
1.26992,10.8196
5.07968,150.485
5.07968,261.995
1.6,57.409
2.01587,147.94
1.6,61.62
1.6,244.954
1.00794,322.052
3.2,345.354
2.53984,62.4379
32.254,133.055
1.6,343.816
10.1594,32.6387
2.53984,43.1117
1.6,19.9154
1.6,67.6572
2.53984,123.635
1.26992,223.492
5.07968,252.906
3.2,270.526
2.01587,336.724
1.26992,135.321
1.26992,93.6559
1.26992,157.837
2.01587,251.711
2.01587,322.892
1.26992,43.1983
1.26992,53.458
1.6,331.345
1.26992,244.426
2.01587,262.068
1.6,263.893
2.01587,94.5342
1.6,70.5048
1.00794,95.7915
2.53984,323.551
1.26992,250.614
1.00794,69.0034
1.26992,120.559
1.6,145.78
1.00794,346.244
2.53984,7.16537
4.03175,183.78
1.00794,67.0978
3.2,134.727
2.01587,139.805
8.06349,359.746
1.00794,16.9429
8.06349,196.115
2.53984,188.362
2.53984,52.7906
1.26992,268.219
4.03175,258.758
2.01587,155.198
3.2,98.5169
3.2,120.732
1.26992,156.049
3.2,192.979
1.00794,100.746
4.03175,231.257
1.26992,100.358
1.00794,18.1091
1.6,68.4509
1.26992,94.3736
1.26992,341.155
1.26992,240.6
8.06349,65.5511
1.26992,76.0312
3.2,130.062
4.03175,256.279
2.53984,308.98
2.53984,124.009
2.53984,290.059
1.00794,262.74
2.01587,136.694
2.01587,307.942
4.03175,13.2168
1.00794,80.6412
1.00794,129.977
1.00794,298.481
2.01587,20.5864
2.01587,98.3441
3.2,69.209
2.01587,35.8967
5.07968,32.9348
1.26992,53.4665
1.26992,7.25644
1.00794,340.29
3.2,18.3023
1.26992,208.995
1.00794,2.06332
2.01587,66.6006
1.00794,259.049
2.53984,12.2333
1.00794,340.78
5.07968,7.89597
2.01587,136.499
2.01587,310.158
1.00794,234.631
3.2,102.239
1.26992,53.4665
2.01587,80.8295
1.6,127.958
1.00794,69.7417
1.00794,331.339
1.00794,74.5005
1.00794,11.5558
1.00794,158.041
1.6,310.647
1.26992,129.843
1.00794,182.541
1.00794,177.934
1.26992,157.837
1.00794,310.535
2.53984,359.992
2.53984,299.99
1.26992,311.714
1.26992,129.506
2.01587,13.5425
1.6,306.544
1.6,309.024
1.26992,223.492
1.6,309.024
1.26992,257.828
1.00794,16.9429
6.4,4.97879
2.53984,120.215
2.53984,331.99
1.00794,69.2939
1.6,309.024
1.26992,221.934
1.00794,119.809
2.01587,128.163
8.06349,357.993
1.26992,44.5535
3.2,139.874
2.01587,140.146
1.6,299.431
1.26992,70.3207
1.00794,16.9429
1.00794,103.564
2.01587,18.5475
1.00794,234.951
1.6,84.0253
1.6,191.824
1.26992,140.852
1.00794,168.638
1.6,245.609
5.07968,19.4751
2.01587,257.511
1.26992,154.794
1.00794,76.8679
3.2,134.727
3.2,139.874
2.01587,130.693
1.00794,128.458
5.07968,298.435
1.26992,253.957
4.03175,257.362
8.06349,152.186
3.2,295.889
1.00794,68.3727
1.00794,125.471
2.01587,150.041
1.26992,53.458
1.6,328.65
1.00794,340.78
1.00794,99.3841
5.07968,282.138
1.00794,116.291
2.53984,83.7888
1.26992,307.055
1.26992,327.267
5.07968,228.082
16.127,15.6201
2.01587,99.891
16.127,15.6201
2.53984,15.2883
1.6,129.284
1.6,57.3331
1.6,229.121
1.6,99.9176
5.07968,129.384
8.06349,257.734
1.6,170.251
2.01587,248.152
1.6,289.19
1.26992,102.298
1.6,63.8885
1.26992,20.4987
1.26992,304.089
2.01587,95.2026
2.53984,83.7888
1.00794,18.6328
1.6,118.576
2.53984,313.212
1.6,14.8697
1.00794,258.549
1.26992,71.5795
1.00794,268.668
1.00794,94.5476
1.6,129.284
2.53984,8.48816
1.6,68.0751
1.26992,49.6432
1.6,311.302
1.26992,232.289
1.00794,234.701
1.26992,295.354
1.6,258.427
2.53984,260.087
1.00794,74.5005
1.26992,310.087
2.01587,136.495
2.01587,357.071
1.26992,226.114
5.07968,299.956
1.00794,74.001
5.07968,120.393
1.6,238.699
2.53984,144.762
1.6,47.7938
1.00794,317.553
1.6,137.274
6.4,304.295
1.00794,73.2778
1.00794,119.026
6.4,130.7
1.26992,337.192
1.26992,45.4007
1.00794,253.483
1.26992,63.3583
8.06349,315.555
1.00794,270.087
12.8,336.274
1.00794,187.234
1.00794,314.407
3.2,129.179
3.2,76.555
1.26992,49.0332
2.01587,73.9476
2.01587,93.6182
8.06349,344.827
1.26992,59.8321
2.01587,115.373
2.01587,341.723
1.6,139.638
1.00794,73.2778
3.2,309.279
2.01587,95.2026
1.26992,304.089
10.1594,111.547
1.26992,290.988
1.26992,253.296
1.00794,314.081
2.53984,132.986
1.26992,308.05
81.2749,12.2612
1.26992,103.111
5.07968,147.913
1.26992,53.4665
6.4,246.416
1.26992,70.2099
1.26992,129.852
1.00794,314.081
1.00794,314.081
8.06349,73.683
1.00794,333.56
2.53984,213.36
1.26992,308.05
1.00794,129.908
2.01587,131.775
1.00794,317.319
1.00794,129.908
1.6,309.024
2.01587,150.041
1.26992,127.559
2.01587,219.411
5.07968,326.549
1.00794,129.908
1.00794,314.407
1.00794,70.065
3.2,130.775
1.00794,151.73
1.00794,315.381
1.00794,314.748
1.26992,300.56
1.26992,310.496
1.6,37.8226
1.00794,149.094
1.26992,307.292
1.26992,127.559
8.06349,70.0279
1.26992,308.05
1.00794,93.1716
1.26992,61.6993
1.00794,247.119
2.01587,95.6834
1.00794,302.462
1.26992,245.177
1.00794,338.63
2.01587,302.776
2.01587,136.495
1.26992,312.45
1.6,327.587
10.1594,204.103
10.1594,299.093
2.01587,157.601
1.00794,12.4954
1.00794,153.106
4.03175,134.665
8.06349,310.283
1.00794,83.9365
1.26992,310.496
2.01587,138.033
1.26992,311.718
2.01587,140.678
10.1594,125.079
2.53984,2.13681
2.01587,59.6122
2.53984,244.271
2.53984,83.7888
1.00794,76.0022
5.07968,64.2932
1.26992,208.314
2.01587,265.335
1.00794,126.747
1.26992,140.709
8.06349,344.827
1.00794,132.072
2.01587,308.71
1.6,278.349
3.2,244.861
1.26992,204.83
2.01587,131.775
2.01587,308.71
2.53984,168.029
1.26992,311.718
1.00794,221.148
1.6,224.215
2.01587,188.064
2.53984,140.912
1.00794,279.747
1.00794,108.773
1.00794,270.004
2.53984,146.562
1.00794,247.543
1.00794,260.187
1.6,306.544
8.06349,128.468
2.53984,215.16
2.53984,266.179
1.6,16.0298
1.00794,133.138
1.26992,317.74
5.07968,189.81
1.26992,39.0891
1.26992,236.117
1.6,16.0298
1.26992,93.4109
2.53984,231.352
1.00794,328.203
1.00794,307.168
1.00794,328.203
2.01587,226.511
5.07968,147.871
1.00794,144.355
1.00794,154.152
2.53984,97.4982
1.6,93.8172
12.8,114.546
1.6,344.795
2.01587,236.246
1.26992,111.695
1.26992,129.986
1.26992,273.222
1.6,51.256
1.6,51.256
1.6,358.055
1.00794,76.6733
5.07968,131.181
2.01587,176.454
2.01587,265.025
2.53984,245.838
2.53984,348.482
1.26992,27.5669
1.6,150.217
1.6,83.2485
4.03175,67.2351
2.53984,359.191
1.00794,69.7417
1.6,68.2451
1.6,245.806
1.00794,131.03
2.01587,128.163
1.26992,34.9455
1.00794,77.4376
2.53984,129.376
2.01587,128.163
1.26992,307.658
4.03175,129.268
5.07968,158.891
3.2,298.663
1.26992,357.084
4.03175,126.137
1.00794,66.1203
1.00794,47.4651
1.6,316.285
1.00794,106.476
1.6,149.355
1.6,143.828
1.00794,83.6161
1.6,69.3335
1.6,69.0171
1.26992,319.361
1.26992,14.3999
1.00794,250.968
1.26992,186.224
8.06349,180.152
2.01587,354.429
1.6,316.285
3.2,70.1995
1.00794,87.7582
2.01587,335.876
2.01587,257.511
2.01587,154.059
1.26992,1.52826
1.6,303.549
3.2,339.812
1.26992,318.585
1.26992,66.897
1.6,190.059
1.6,127.958
3.2,68.1466
2.01587,304.847
4.03175,88.3737
1.26992,233.041
1.6,125.3
6.4,57.615
6.4,232.738
1.6,96.2995
1.6,69.0171
1.26992,244.426
1.00794,323.661
2.01587,197.73
5.07968,27.688
2.53984,307.02
2.01587,116.911
1.26992,247.224
1.26992,133.361
2.01587,169.747
1.26992,309.977
1.6,344.795
1.26992,253.746
1.26992,263.634
1.00794,250.631
2.01587,150.561
1.26992,97.0697
1.00794,307.339
4.03175,272.459
1.6,349.179
1.00794,73.4256
1.26992,129.122
1.6,162.694
1.26992,301.063
4.03175,301.272
1.00794,250.807
2.01587,76.3753
2.01587,243.409
25.6,64.8096
1.00794,352.579
1.26992,49.0591
1.00794,76.0022
1.00794,243.244
2.53984,80.0216
1.00794,163.007
1.6,278.349
16.127,101.783
2.01587,281.759
1.26992,116.823
1.00794,340.78
10.1594,131.748
1.6,135.977
1.26992,128.404
2.01587,268.435
2.01587,78.4581
2.01587,287.786
1.00794,153.106
2.01587,70.524
1.6,303.549
1.00794,67.1712
1.00794,315.381
1.6,166.033
1.00794,25.1949
2.53984,254.592
1.26992,279.726
1.6,253.354
1.26992,127.994
1.6,311.121
2.53984,269.491
1.00794,154.152
4.03175,133.187
4.03175,300.383
1.00794,145.901
1.26992,252.089
2.01587,75.161
1.00794,158.041
1.00794,144.138
5.07968,282.138
1.26992,330.398
1.00794,312.791
1.26992,155.941
1.6,131.356
2.53984,97.4982
1.00794,246.769
1.26992,214.692
1.00794,327.913
3.2,311.787
1.26992,60.9989
3.2,62.4958
3.2,298.663
1.00794,132.635
1.00794,251.851
1.00794,58.3418
8.06349,273.32
2.53984,57.2965
1.00794,355.522
1.00794,244.619
25.6,313.663
20.3187,34.864
2.53984,67.0067
2.01587,174.677
2.01587,174.677
1.26992,301.476
1.00794,37.398
1.6,261.737
1.6,342.963
2.01587,94.1309
1.00794,242.454
2.01587,330.19
1.6,302.349
1.6,94.4548
1.26992,317.386
1.26992,39.4888
1.26992,294.596
2.53984,51.2724
2.01587,138.875
1.6,101.261
3.2,271.844
2.53984,154.064
2.01587,302.776
1.26992,41.127
1.00794,90.3234
3.2,256.719
3.2,345.354
2.01587,56.4588
1.6,337.747
1.26992,79.4046
2.53984,190.429
1.00794,64.7829
1.26992,277.905
3.2,76.183
1.6,157.401
1.26992,153.979
4.03175,245.419
1.6,102.211
1.26992,354.809
1.26992,341.155
2.01587,302.776
1.6,126.232
1.6,253.354
3.2,101.315
1.00794,242.767
1.00794,76.6733
1.6,242.64
3.2,70.1995
1.26992,93.4109
1.00794,310.308
1.00794,310.308
1.6,328.65
20.3187,92.3809
2.01587,335.876
3.2,133.337
1.6,82.4949
2.53984,333.645
5.07968,64.2932
1.26992,71.2821
1.6,129.284
1.26992,154.794
1.00794,137.207
1.00794,110.286
1.26992,253.746
4.03175,120.013
1.00794,95.7915
2.53984,269.816
1.26992,168.102
1.00794,42.0289
1.6,131.356
1.00794,301.708
2.53984,168.14
4.03175,71.3434
2.01587,345.645
1.00794,94.6556
1.00794,320.717
4.03175,183.095
4.03175,284.268
1.6,339.893
4.03175,59.0983
1.00794,293.217
2.53984,260.632
2.53984,100.559
1.00794,132.072
1.00794,314.407
3.2,48.2895
1.6,69.7318
2.01587,317.658
25.6,68.4696
1.6,264.229
1.26992,99.217
1.00794,68.8966
1.00794,234.701
1.6,316.285
1.26992,39.0891
1.00794,163.007
4.03175,134.665
16.127,95.0114
10.1594,244.751
1.00794,224.214
1.6,68.0751
1.26992,7.25644
1.26992,136.863
1.6,150.984
1.00794,314.407
2.01587,330.615
3.2,149.207
1.00794,154.152
2.01587,257.511
2.01587,169.902
1.00794,110.286
1.00794,110.286
2.01587,68.8813
4.03175,120.013
1.00794,21.858
1.6,59.8679
1.6,59.8679
2.01587,333.764
2.01587,197.73
1.26992,99.9905
5.07968,300.973
2.01587,70.524
32.254,134.92
1.00794,16.9429
1.00794,57.728
1.00794,297.773
1.00794,37.398
10.1594,111.547
1.00794,15.7659
6.4,65.2103
2.53984,236.054
4.03175,236.641
2.53984,123.635
1.00794,73.2778
3.2,65.7285
1.00794,89.6338
1.00794,19.4577
1.6,112.949
2.01587,330.19
1.6,98.962
2.01587,82.0522
1.26992,12.1938
1.00794,76.4507
1.6,242.734
1.6,237.733
2.01587,142.29
2.01587,341.723
1.00794,116.291
1.6,125.674
1.26992,263.634
2.53984,78.5058
2.01587,80.285
1.6,16.0298
5.07968,240.271
4.03175,75.4118
2.53984,357.999
1.00794,247.391
2.53984,307.612
1.00794,254.044
1.26992,16.0567
2.01587,125.978
2.01587,313.79
1.00794,247.119
2.53984,247.23
2.01587,1.93723
1.00794,69.247
1.00794,81.4228
3.2,65.7285
3.2,348.726
1.00794,70.0062
1.6,59.8679
1.00794,131.223
1.00794,52.7022
2.01587,125.978
1.00794,317.319
5.07968,141.924
1.00794,267.201
1.26992,243.544
1.00794,258.275
5.07968,228.082
1.00794,315.849
1.00794,137.781
5.07968,326.324
1.00794,68.8966
4.03175,126.137
1.6,166.845
2.01587,357.675
2.01587,109.155
2.53984,333.015
1.6,254.045
1.26992,144.011
1.26992,298.256
1.00794,137.781
1.00794,132.072
1.00794,347.371
1.26992,133.361
1.00794,311.311
1.00794,153.106
1.00794,12.4954
4.03175,139.566
1.26992,311.718
2.53984,146.562
1.00794,57.728
1.00794,71.9081
1.6,72.2061
2.53984,127.611
1.00794,76.4779
12.8,162.114
2.53984,308.98
2.53984,124.009
1.00794,128.271
1.6,314.777
1.26992,334.425
1.26992,129.122
1.26992,307.292
1.00794,79.1056
1.00794,231.26
1.6,172.898
1.26992,63.3583
1.6,170.251
1.00794,291.468
1.26992,127.559
1.26992,315.583
1.26992,334.425
1.00794,130.095
1.26992,308.05
2.01587,301.426
1.00794,331.143
4.03175,303.286
1.00794,75.6038
1.6,311.121
2.01587,133.239
1.00794,177.249
3.2,139.748
1.6,284.486
1.26992,304.089
1.00794,224.545
1.00794,129.908
1.00794,81.8546
1.26992,318.997
1.00794,314.407
2.01587,131.775
1.00794,81.652
1.6,284.486
1.26992,237.965
5.07968,310.7
1.6,76.8045
1.6,316.647
2.01587,131.775
1.26992,129.852
4.03175,133.187
1.00794,128.878
1.00794,317.319
1.26992,311.718
1.6,112.33
1.00794,262.395
25.6,64.8096
1.00794,129.908
1.00794,317.319
1.00794,247.9
1.26992,111.074
4.03175,157.22
1.00794,270.004
1.6,132.386
2.01587,142.29
2.01587,341.723
2.01587,131.775
1.00794,317.319
1.00794,47.6772
1.26992,300.545
1.00794,142.826
2.53984,146.562
5.07968,82.5189
1.00794,114.544
1.00794,332.054
6.4,128.673
1.26992,14.0964
12.8,60.0644
1.00794,260.533
1.00794,131.223
1.6,51.3363
1.6,51.3363
1.00794,344.201
1.26992,295.354
1.6,59.8679
2.53984,156.402
1.6,303.549
1.6,89.0753
1.6,266.392
1.00794,330.224
3.2,127.421
1.26992,95.1995
1.00794,64.5025
1.00794,136.137
1.00794,331.272
4.03175,189.238
1.00794,248.845
1.26992,310.38
1.00794,134.427
4.03175,145.045
1.00794,310.625
6.4,135.096
5.07968,133.466
3.2,259.198
5.07968,137.4
1.00794,317.319
1.26992,301.946
1.6,59.8679
1.00794,131.351
2.01587,57.8523
1.26992,282.688
2.01587,161.94
10.1594,67.7654
3.2,320.633
1.00794,165.132
1.6,299.253
1.00794,134.784
1.26992,295.025
4.03175,134.665
1.00794,340.78
1.6,298.608
5.07968,128.51
5.07968,298.435
1.6,303.549
1.00794,154.152
1.26992,310.087
1.6,268.684
1.00794,53.9326
1.6,127.958
1.00794,49.751
8.06349,273.32
4.03175,99.0149
1.00794,12.7724
2.01587,302.776
4.03175,120.013
1.26992,275.884
1.00794,49.6823
5.07968,82.5189
10.1594,288.577
1.6,157.401
1.6,341.404
2.53984,69.629
2.01587,230.859
6.4,341.007
1.26992,230.871
1.6,1.35574
1.6,328.65
1.00794,161.731
4.03175,306.166
1.6,93.8172
2.01587,102.772
2.01587,280.102
4.03175,272.761
2.01587,335.876
2.53984,72.6016
2.53984,264.046
6.4,304.295
2.53984,47.5403
2.01587,118.24
1.6,279.181
1.00794,338.021
1.00794,49.6823
1.26992,143.269
1.6,310.647
3.2,331.781
3.2,331.781
1.00794,154.152
1.00794,267.74
1.6,149.966
6.4,63.6963
1.26992,166.49
3.2,68.7597
2.53984,254.592
1.26992,286.974
1.00794,320.259
1.26992,153.181
1.6,277.302
1.26992,256.685
1.6,316.647
1.26992,229.956
1.00794,233.678
1.00794,131.03
1.00794,160.019
1.26992,144.011
1.26992,298.256
6.4,178.305
2.53984,245.838
2.01587,6.12622
2.01587,158.533
2.01587,233.883
1.6,137.274
1.6,349.72
1.6,118.703
3.2,320.633
1.00794,153.773
2.01587,325.247
3.2,159.881
1.26992,317.026
1.6,22.1818
1.00794,231.26
2.01587,340.491
3.2,312.673
3.2,244.861
1.6,282.537
8.06349,59.5743
1.6,250.143
1.00794,167.83
1.6,302.059
1.26992,159.948
2.01587,269.852
1.6,127.958
2.01587,35.8967
2.53984,80.3809
2.53984,49.6557
2.01587,102.433
2.01587,338.682
1.00794,220.795
2.53984,348.825
1.00794,307.339
1.6,61.62
1.26992,90.3914
5.07968,299.357
4.03175,355.44
1.26992,104.705
1.00794,75.6682
2.01587,338.682
1.26992,257.057
6.4,184.985
4.03175,339.094
1.00794,271.535
2.01587,301.426
1.00794,126.747
8.06349,302.972
2.01587,288.965
1.26992,358.825
4.03175,233.592
1.26992,337.022
1.6,65.7892
5.07968,42.0214
25.6,97.1026
1.00794,183.678
1.00794,148.151
1.00794,297.861
8.06349,344.827
1.26992,311.675
1.00794,161.695
6.4,139.349
4.03175,165.822
1.00794,76.6733
1.00794,242.767
1.6,51.3363
2.01587,255.544
1.6,311.121
1.26992,193.425
5.07968,165.611
5.07968,325.383
8.06349,284.147
1.6,304.265
1.6,298.983
2.01587,215.109
2.53984,69.1965
5.07968,147.942
25.6,313.663
1.00794,310.895
2.01587,135.552
1.00794,128.636
2.53984,270.224
1.00794,74.5005
10.1594,288.577
1.26992,128.229
3.2,216.372
4.03175,313.014
2.53984,294.902
1.6,57.1431
6.4,160.047
6.4,332.016
1.26992,331.158
4.03175,276.966
1.26992,338.084
1.26992,270.635
1.26992,97.4203
1.00794,139.258
1.00794,151.73
1.26992,210.908
5.07968,232.363
12.8,302.216
3.2,309.255
5.07968,126.422
1.00794,284.987
2.01587,290.634
1.26992,253.664
6.4,99.004
2.53984,123.635
1.00794,13.7413
4.03175,219.922
1.6,278.349
1.6,299.431
2.01587,136.694
6.4,355.505
1.00794,102.974
1.00794,66.8332
1.6,95.4007
2.01587,41.9879
1.00794,154.152
1.00794,330.224
2.53984,171.681
2.53984,323.168
2.01587,72.8812
2.53984,339.993
2.01587,227.414
4.03175,191.324
2.01587,313.683
2.01587,338.682
2.01587,160.972
1.00794,161.695
4.03175,306.166
6.4,259.432
1.00794,79.8928
2.01587,71.3809
2.01587,160.972
2.01587,338.682
1.26992,66.897
3.2,309.343
1.00794,307.339
1.26992,337.779
1.6,268.556
1.26992,295.354
1.00794,75.2962
4.03175,231.589
2.01587,70.0563
4.03175,312.816
1.26992,75.0376
2.01587,302.776
1.00794,253.193
1.00794,132.635
1.26992,103.111
1.00794,304.964
5.07968,62.1976
1.00794,298.569
2.53984,129.376
1.00794,260.093
1.26992,129.691
1.26992,318.402
1.6,164.287
1.26992,130.95
1.6,89.0753
1.00794,222.6
5.07968,19.4751
1.00794,315.381
1.00794,260.093
1.26992,1.77032
4.03175,245.17
1.6,140.292
1.6,179.819
1.00794,280.75
1.26992,99.8828
1.26992,83.0125
10.1594,71.1739
1.00794,298.751
4.03175,256.279
1.00794,154.152
1.26992,307.292
1.26992,41.6913
2.53984,100.993
2.53984,272.708
5.07968,326.549
2.01587,257.194
5.07968,78.4218
1.26992,222.159
1.26992,222.159
2.53984,69.629
1.00794,293.217
1.6,344.544
2.01587,140.678
1.00794,30.2271
4.03175,311.661
1.6,183.328
1.00794,269.33
1.26992,268.436
1.26992,94.3736
1.6,327.646
3.2,222.363
2.53984,307.612
10.1594,111.547
2.01587,140.4
1.00794,272.711
1.26992,167.969
1.6,312.436
1.00794,76.4507
1.00794,332.091
2.53984,133.143
1.6,318.412
2.01587,253.612
1.26992,120.934
1.00794,206.44
5.07968,147.871
2.01587,258.606
1.00794,131.03
1.26992,69.8757
2.53984,266.179
1.26992,273.222
2.53984,146.541
1.00794,76.4507
1.6,281.453
1.00794,73.5534
6.4,274.461
1.26992,33.2569
1.26992,240.6
1.00794,350.558
1.00794,76.4507
1.00794,105.005
1.6,299.431
1.26992,77.6764
51.2,14.9049
1.6,43.6129
2.53984,60.3155
1.00794,267.882
1.00794,336.511
4.03175,267.856
10.1594,244.751
1.00794,76.4507
1.00794,148.151
4.03175,263.675
2.53984,100.993
2.53984,271.46
1.26992,161.535
1.00794,99.3284
1.6,22.1859
1.00794,103.564
8.06349,127.996
1.26992,307.658
2.01587,251.711
6.4,65.6309
5.07968,120.393
1.6,340.252
3.2,138.864
1.00794,215.302
3.2,249.311
4.03175,313.014
5.07968,340.355
5.07968,251.765
1.00794,297.31
2.01587,330.19
2.01587,72.8812
1.00794,322.052
1.6,69.3335
1.00794,315.179
3.2,352.626
1.26992,307.697
2.53984,144.762
2.53984,327.624
1.26992,245.177
4.03175,127.482
1.26992,134.126
1.00794,21.858
1.6,266.392
2.01587,220.852
1.6,325.148
2.53984,267.827
4.03175,60.7021
2.53984,338.729
6.4,296.242
3.2,307.361
3.2,303.836
1.00794,299.571
1.00794,160.728
2.01587,42.0248
1.26992,133.583
1.6,47.7938
1.6,223.466
1.6,43.6129
1.6,275.05
1.26992,97.0697
1.00794,32.9074
5.07968,278.189
4.03175,311.661
2.53984,144.762
2.53984,156.402
2.53984,315.164
2.53984,64.1693
1.6,141.441
2.53984,260.48
2.53984,156.402
1.26992,318.997
4.03175,249.728
5.07968,250.301
2.53984,102.006
1.6,146.385
1.6,47.7938
1.26992,33.2569
1.26992,76.0345
1.26992,222.159
2.01587,140.4
2.01587,49.0583
2.01587,237.914
2.01587,251.711
4.03175,338.875
10.1594,143.892
4.03175,228.169
1.6,130.001
8.06349,270.209
2.53984,149.405
1.26992,70.3542
1.6,117.651
16.127,79.639
1.6,196.121
1.26992,278.472
3.2,289.535
3.2,31.4828
2.53984,109.476
1.26992,156.049
1.6,153.642
1.26992,221.934
5.07968,119.359
1.00794,130.925
2.01587,70.524
2.53984,307.612
1.26992,153.373
1.6,98.962
1.00794,130.095
1.00794,158.041
1.26992,166.49
2.53984,241.081
3.2,76.4286
1.00794,139.258
1.00794,231.26
1.00794,68.6573
5.07968,19.4751
1.00794,130.925
1.26992,318.585
1.6,61.62
8.06349,315.555
1.00794,268.159
6.4,288.5
1.26992,309.529
2.01587,13.8273
3.2,355.058
1.26992,133.259
4.03175,306.166
2.53984,290.059
1.26992,20.2003
1.26992,154.794
1.00794,71.9081
1.26992,53.4665
6.4,138.887
1.26992,68.9614
5.07968,316.22
3.2,114.865
2.01587,336.724
1.26992,76.3149
2.01587,330.615
1.00794,250.135
3.2,70.1995
1.6,66.2945
2.01587,174.677
1.26992,309.529
1.26992,68.9614
1.26992,236.117
1.6,148.512
1.00794,149.094
1.00794,93.1716
4.03175,128.446
1.26992,78.5464
6.4,172.27
6.4,246.416
1.6,140.292
1.00794,77.4376
5.07968,147.942
2.01587,225.031
3.2,271.844
1.26992,252.037
1.00794,251.978
1.26992,68.6274
1.00794,254.652
3.2,64.0678
1.26992,56.6805
2.01587,169.902
2.01587,257.511
1.26992,93.313
4.03175,338.875
2.53984,348.961
2.53984,223.332
1.26992,153.181
1.26992,146.887
2.53984,55.8888
4.03175,102.945
1.00794,340.78
1.6,250.011
1.26992,59.9894
1.00794,340.859
2.01587,310.047
10.1594,329.074
1.26992,315.838
1.6,257.996
1.26992,309.401
1.00794,346.244
1.26992,48.0619
2.01587,112.895
10.1594,311.874
1.00794,222.6
1.00794,256.51
1.00794,161.695
1.00794,260.093
1.6,281.453
1.26992,12.1938
5.07968,141.924
4.03175,309.552
2.53984,13.0173
1.00794,233.678
2.53984,146.541
1.00794,46.1115
1.00794,85.6913
3.2,114.865
1.6,50.0507
1.00794,18.9816
1.6,246.847
1.6,146.205
3.2,220.071
1.00794,78.0234
6.4,22.9027
4.03175,347.768
2.01587,83.8442
2.53984,98.9194
1.26992,44.6071
1.26992,272.334
1.00794,248.681
1.6,137.274
2.01587,217.286
1.6,349.72
1.00794,330.224
1.00794,87.7582
1.00794,269.33
2.01587,79.4913
6.4,304.295
2.53984,71.9854
1.26992,97.0697
1.26992,168.102
2.53984,315.429
1.6,131.356
1.00794,246.769
1.00794,259.788
3.2,331.781
4.03175,339.094
3.2,121.438
1.00794,258.275
1.26992,49.0435
3.2,76.555
2.01587,73.9476
1.00794,155.852
1.26992,253.664
6.4,99.004
2.01587,269.852
1.00794,152.232
1.00794,81.652
1.26992,75.0376
1.00794,160.858
1.00794,325.593
1.00794,258.959
16.127,67.6982
16.127,158.82
8.06349,44.0689
8.06349,124.768
20.3187,93.7528
1.00794,247.119
2.53984,83.7888
2.53984,259.989
1.26992,63.3583
2.01587,188.064
2.01587,313.683
2.01587,336.724
1.6,94.4548
1.6,294.701
2.53984,348.961
3.2,139.748
1.00794,339.175
1.6,310.804
3.2,348.726
1.00794,77.5182
1.6,47.7938
1.26992,144.011
10.1594,309.43
1.00794,314.081
1.00794,132.986
1.00794,251.041
1.00794,256.51
1.00794,323.661
1.00794,309.045
1.00794,132.986
1.00794,69.9885
1.26992,307.658
1.6,247.398
1.00794,239.548
2.01587,80.285
1.00794,48.3622
1.26992,342.546
1.6,254.045
3.2,76.555
1.26992,310.38
1.00794,284.987
1.6,311.121
5.07968,311.147
2.53984,164.662
1.26992,133.361
6.4,61.4771
2.53984,309.747
1.6,358.055
1.00794,269.33
1.00794,87.7582
1.00794,123.182
1.00794,234.074
1.00794,300.417
1.00794,246.533
1.00794,87.5927
1.26992,49.0591
1.00794,124.938
1.26992,135.321
2.01587,342.174
1.00794,73.2778
8.06349,344.827
12.8,126.998
12.8,308.143
1.00794,69.9905
8.06349,152.186
1.6,327.646
5.07968,133.466
1.26992,129.122
1.26992,307.292
1.00794,269.33
1.00794,87.7582
5.07968,21.0739
1.00794,128.868
3.2,127.806
2.01587,300.545
5.07968,231.75
5.07968,344.82
1.6,264.533
5.07968,12.9295
1.6,327.646
1.00794,87.7582
1.00794,269.33
6.4,204.687
1.26992,331.843
1.00794,329.673
6.4,47.9347
1.6,68.213
1.00794,323.661
1.26992,270.906
2.53984,188.362
1.00794,269.33
1.00794,269.33
1.00794,87.7582
2.01587,13.5425
1.00794,247.391
2.53984,71.07
5.07968,1.01544
1.26992,313.614
1.26992,66.4634
2.01587,342.174
6.4,294.43
1.26992,304.191
1.00794,142.191
6.4,295.498
1.6,327.646
1.6,187.931
1.00794,90.3929
1.00794,87.7582
1.00794,269.33
1.26992,129.122
1.00794,269.33
4.03175,311.274
2.01587,18.062
1.00794,299.011
1.00794,51.2877
4.03175,258.758
4.03175,68.5356
1.6,35.0566
1.6,353.88
1.6,59.022
6.4,338.093
1.26992,253.296
1.26992,336.249
1.6,311.372
1.00794,87.7582
1.00794,269.33
1.26992,336.532
5.07968,134.405
1.00794,138.037
1.26992,255.192
40.6375,151.788
5.07968,323.709
5.07968,326.324
6.4,213.028
1.00794,167.83
1.00794,247.391
4.03175,311.274
1.6,254.045
4.03175,311.274
1.6,254.045
1.26992,223.492
1.00794,267.201
1.26992,144.011
1.6,319.752
1.6,337.633
2.01587,300.637
1.6,43.6129
1.6,61.1843
1.00794,51.2877
1.26992,79.4046
1.00794,118.4
1.00794,330.375
8.06349,300.763
1.00794,63.425
1.00794,333.675
8.06349,129.8
1.00794,247.119
2.01587,71.1912
1.6,263.612
2.53984,254.866
1.00794,332.091
1.26992,70.3687
1.26992,262.614
1.6,68.0751
1.6,129.889
1.26992,262.614
1.00794,239.548
4.03175,301.272
3.2,320.221
1.00794,167.83
1.00794,256.51
1.26992,43.5906
2.01587,140.4
1.00794,87.7582
1.00794,269.33
1.00794,301.59
3.2,348.726
8.06349,44.0689
1.26992,310.38
2.53984,254.051
12.8,120.38
5.07968,276.406
1.6,327.646
1.00794,269.33
1.6,72.0497
1.26992,159.148
5.07968,301.814
1.00794,128.636
10.1594,204.103
1.6,147.741
1.00794,256.51
1.00794,87.5927
1.6,182.042
3.2,320.633
1.00794,247.391
1.6,20.1455
1.00794,142.945
1.00794,206.44
2.53984,305.11
2.01587,219.411
1.00794,48.3622
1.00794,267.201
2.01587,80.285
8.06349,291.598
2.01587,357.071
2.01587,63.8231
6.4,138.887
1.00794,87.7582
1.00794,269.33
4.03175,311.274
1.6,327.646
2.01587,269.852
1.26992,218.068
1.26992,20.4485
6.4,291.23
1.6,275.05
1.00794,250.968
6.4,39.2548
2.01587,292.265
1.26992,40.9036
6.4,308.658
1.6,131.147
2.53984,101.185
1.26992,313.614
1.26992,155.261
2.01587,130.051
2.01587,310.634
1.6,232.187
1.00794,302.462
1.00794,68.6573
2.01587,354.429
1.00794,267.882
4.03175,120.013
1.00794,268.788
25.6,147.6
1.26992,300.699
1.00794,275.597
1.6,237.733
1.00794,267.201
1.00794,351.77
1.6,187.931
1.6,327.646
2.01587,140.146
2.01587,309.163
1.00794,87.7582
8.06349,144.382
8.06349,304.976
1.6,157.401
1.6,341.404
1.00794,239.548
1.00794,136.137
2.01587,158.533
6.4,39.2548
1.6,259.241
1.26992,127.994
1.00794,247.391
1.6,131.147
2.53984,74.7707
1.00794,124.938
1.6,258.427
1.6,358.055
1.00794,324.088
4.03175,272.761
1.6,149.966
8.06349,344.827
1.26992,115.647
1.6,137.576
1.6,131.147
1.00794,247.391
2.53984,66.1484
1.00794,247.391
5.07968,64.8662
1.00794,258.959
1.26992,159.297
1.00794,94.5476
2.01587,140.146
2.01587,307.016
1.26992,66.4634
1.00794,58.3418
4.03175,311.274
2.53984,260.368
2.01587,239.481
1.00794,247.391
1.00794,87.7582
3.2,339.812
8.06349,134.869
3.2,348.726
1.26992,128.529
8.06349,134.869
8.06349,310.283
2.01587,157.601
1.00794,231.26
1.6,118.576
1.00794,269.33
1.00794,87.7582
1.6,129.889
2.01587,340.902
1.26992,255.192
1.6,106.704
1.6,294.701
1.6,149.966
2.53984,151.476
1.6,310.386
1.00794,87.7582
1.00794,124.938
1.6,230.182
1.00794,90.3234
2.01587,35.8967
1.00794,67.3626
1.00794,129.305
1.00794,167.83
1.00794,247.391
1.6,308.83
1.6,131.147
1.00794,87.7582
2.53984,133.646
1.00794,113.536
2.01587,135.552
8.06349,270.209
3.2,264.678
1.6,327.646
2.53984,60.3155
3.2,132.352
1.26992,85.5564
5.07968,21.0739
2.01587,89.6765
3.2,348.726
6.4,39.2548
1.00794,87.7582
1.26992,298.256
1.6,259.241
1.00794,87.7582
1.00794,269.33
1.00794,87.7582
6.4,141.398
2.53984,108.189
1.00794,280.75
2.01587,342.174
1.6,358.055
2.01587,357.071
4.03175,138.505
1.00794,157.275
3.2,256.719
2.53984,134.921
1.26992,311.714
1.6,239.576
5.07968,133.466
1.00794,87.7582
1.00794,87.7582
2.01587,82.0522
1.6,103.903
1.6,245.805
2.53984,78.7931
1.26992,111.695
1.00794,58.3418
1.00794,269.33
1.00794,87.7582
4.03175,156.392
2.01587,288.998
1.00794,51.2877
1.26992,132.983
1.26992,308.465
1.6,106.704
1.00794,256.51
8.06349,128.067
1.6,38.4058
10.1594,129.71
1.00794,58.3418
1.00794,239.548
1.26992,71.3321
1.00794,99.3788
1.00794,134.928
1.00794,81.8546
1.00794,137.24
2.01587,354.429
3.2,132.352
1.6,125.3
1.00794,81.8546
1.00794,124.938
1.6,100.108
2.01587,160.05
2.53984,12.2333
1.00794,350.558
1.6,311.121
4.03175,32.8511
10.1594,131.748
3.2,139.748
1.6,187.931
1.6,129.284
2.53984,100.993
2.53984,271.46
1.26992,308.05
3.2,348.726
4.03175,313.014
1.6,264.229
1.00794,69.2939
1.26992,311.714
1.00794,256.51
1.6,358.055
2.53984,86.4052
1.6,119.467
1.6,115.126
3.2,259.198
1.00794,250.981
1.00794,182.141
1.26992,268.436
1.26992,154.794
1.6,250.011
1.00794,259.788
1.6,313.709
2.01587,335.876
2.53984,257.775
1.00794,352.579
1.6,327.646
1.00794,247.391
1.00794,167.83
1.00794,128.636
2.53984,260.368
1.6,170.251
1.6,337.58
2.01587,112.856
1.00794,145.237
2.01587,219.652
1.6,80.2992
2.01587,174.677
3.2,242.984
2.01587,174.677
1.6,306.66
1.26992,129.934
2.53984,134.921
3.2,311.787
2.53984,129.495
1.00794,314.081
4.03175,272.761
2.01587,154.059
2.53984,126.791
1.26992,257.057
1.26992,135.321
1.26992,311.086
1.26992,100.358
2.53984,223.737
1.6,0.0743408
2.53984,100.993
1.26992,181.102
1.26992,332.915
1.00794,220.172
2.01587,357.675
1.00794,250.247
1.6,72.2061
1.26992,255.303
2.01587,357.675
1.6,100.555
2.01587,18.062
